Feature,Data_Type,Unique_Values,Missing_Count,Missing_Percentage,Decision,Reason
ID,str,999592,0,0.0,EXCLUDE,Identifier with no meaningful predictive information
Source,str,3,0,0.0,INVESTIGATE,Record source with few categories; may reflect data-collection differences or source bias
Severity,int64,4,0,0.0,TARGET,Target variable for multiclass classification
Start_Time,str,951934,0,0.0,TEMPORAL,"Used to derive hour, day, month, year, weekday, weekend, night and cyclical time features"
End_Time,str,975610,0,0.0,LEAKAGE_RISK,Potential post-event information unavailable at prediction time
Start_Lat,float64,637710,0,0.0,GEOGRAPHIC,Accident starting latitude; potentially useful for spatial patterns
Start_Lng,float64,641580,0,0.0,GEOGRAPHIC,Accident starting longitude; potentially useful for spatial patterns
End_Lat,float64,389775,440420,44.06,LEAKAGE_RISK,Potential post-event information; substantially missing (see Missing_Percentage)
End_Lng,float64,392796,440420,44.06,LEAKAGE_RISK,Potential post-event information; substantially missing (see Missing_Percentage)
Distance(mi),float64,13052,0,0.0,NUMERICAL_INVESTIGATE,Strong right skew; investigate log1p transformation and prediction-time availability
Description,str,746436,0,0.0,TEXT_INVESTIGATE,High-cardinality free-text field; possible post-event information; NLP not included in initial pipeline
Street,str,129499,1383,0.14,HIGH_CARDINALITY,Very many unique values (see Unique_Values); investigate frequency encoding or alternative representation
City,str,10729,30,0.0,CATEGORICAL,Categorical geographic variable; encoding strategy to be determined
County,str,1708,0,0.0,CATEGORICAL,Categorical geographic variable; encoding strategy to be determined
State,str,49,0,0.0,CATEGORICAL,Low-cardinality geographic variable suitable for categorical encoding
Zipcode,str,216238,250,0.03,HIGH_CARDINALITY,Very many unique values (see Unique_Values); investigate frequency encoding or exclusion
Country,str,1,0,0.0,EXCLUDE,Constant column; contains no variation
Timezone,str,4,961,0.1,CATEGORICAL,Low-cardinality categorical variable
Airport_Code,str,1963,2887,0.29,HIGH_CARDINALITY,High-cardinality (see Unique_Values); investigate usefulness and encoding
Weather_Timestamp,str,386855,15762,1.58,INVESTIGATE,Weather observation time must be checked for prediction-time availability
Temperature(F),float64,757,21323,2.13,WEATHER_NUMERICAL,Weather variable with low missingness
Wind_Chill(F),float64,862,259217,25.93,WEATHER_NUMERICAL,High missingness; investigate missingness indicator and imputation
Humidity(%),float64,100,22621,2.26,WEATHER_NUMERICAL,Weather variable with low missingness
Pressure(in),float64,1032,18371,1.84,WEATHER_NUMERICAL,Contains suspicious extreme values; requires domain-aware validation
Visibility(mi),float64,63,23031,2.3,WEATHER_NUMERICAL,Highly concentrated at 10 miles; IQR method is unsuitable for direct outlier removal
Wind_Direction,str,24,22739,2.27,WEATHER_CATEGORICAL,Categorical weather variable with low missingness
Wind_Speed(mph),float64,118,74143,7.42,WEATHER_NUMERICAL,Contains suspicious extreme value of 822.8 mph; requires validation
Precipitation(in),float64,206,285656,28.58,WEATHER_NUMERICAL,High missingness and strongly zero-inflated; investigate missingness indicator and log1p
Weather_Condition,str,118,22586,2.26,WEATHER_CATEGORICAL,Categorical weather variable with low missingness
Amenity,bool,2,0,0.0,BOOLEAN,Road/environment context indicator
Bump,bool,2,0,0.0,BOOLEAN,Road/environment context indicator
Crossing,bool,2,0,0.0,BOOLEAN,Road/environment context indicator
Give_Way,bool,2,0,0.0,BOOLEAN,Road/environment context indicator
Junction,bool,2,0,0.0,BOOLEAN,Road/environment context indicator
No_Exit,bool,2,0,0.0,BOOLEAN,Road/environment context indicator
Railway,bool,2,0,0.0,BOOLEAN,Road/environment context indicator
Roundabout,bool,2,0,0.0,BOOLEAN,Road/environment context indicator
Station,bool,2,0,0.0,BOOLEAN,Road/environment context indicator
Stop,bool,2,0,0.0,BOOLEAN,Road/environment context indicator
Traffic_Calming,bool,2,0,0.0,BOOLEAN,Road/environment context indicator
Traffic_Signal,bool,2,0,0.0,BOOLEAN,Road/environment context indicator
Turning_Loop,bool,1,0,0.0,EXCLUDE,Constant column; contains no variation
Sunrise_Sunset,str,2,3027,0.3,TEMPORAL_CATEGORICAL,Day/night context; potentially redundant with Start_Time-derived features
Civil_Twilight,str,2,3027,0.3,TEMPORAL_CATEGORICAL,Twilight context; investigate redundancy with derived temporal features
Nautical_Twilight,str,2,3027,0.3,TEMPORAL_CATEGORICAL,Twilight context; investigate redundancy with derived temporal features
Astronomical_Twilight,str,2,3027,0.3,TEMPORAL_CATEGORICAL,Twilight context; investigate redundancy with derived temporal features
