Feature,Train_Missing_Percentage,Mean,Median,Std,Min,Q1,Q3,Max,IQR,Skewness,IQR_Outlier_Percentage,Absolute_Skewness
Precipitation(in),0.0,0.006195157270534332,0.0,0.11248226367147945,0.0,0.0,0.0,36.47,0.0,131.3191607161653,0.0,131.3191607161653
Distance(mi),0.0,0.562350016791427,0.029,1.7687232273820668,0.0,0.0,0.464,194.72999572753903,0.464,16.604734854615657,12.453590405078076,16.604734854615657
Pressure(in),0.0,29.546982529108778,29.86,0.9893122303290629,20.0,29.38,30.03,31.1,0.6500000000000021,-3.7125132223138935,5.758353727085947,3.7125132223138935
Visibility(mi),0.0,9.11335269541425,10.0,2.6668634927555863,0.0,10.0,10.0,120.0,0.0,2.3838021505934015,0.0,2.3838021505934015
Wind_Chill(F),0.0,59.24228853543886,62.0,19.334187154774572,-89.0,52.0,71.0,189.0,19.0,-0.9178256417275125,6.070731411464436,0.9178256417275125
Wind_Speed(mph),0.0,7.633294234018154,7.0,5.060320930260159,0.0,5.0,10.0,85.2,5.0,0.873672313199893,3.739653583402216,0.873672313199893
Temperature(F),0.0,61.744771425320096,64.0,18.809927851788267,-77.8,50.0,76.0,140.0,26.0,-0.5247977298971237,0.8414689504334896,0.5247977298971237
Start_Lng,0.0,-94.7106655324425,-87.75761999999997,17.397764690351554,-124.548074,-117.222908,-80.35129,-67.606864,36.871618,-0.4821770349129957,0.0,0.4821770349129957
Humidity(%),0.0,64.85812325788166,67.0,22.566710783948498,1.0,49.0,84.0,100.0,35.0,-0.4051034005951514,0.0,0.4051034005951514
Start_Lat,0.0,36.19334246159507,35.81828400000001,5.074585746694697,24.566999,33.400165,40.075158,49.00026,6.674993000000001,-0.07057261713280298,0.0,0.07057261713280298
