Feature,Pearson_Correlation,Spearman_Correlation
Distance(mi),0.03530558331434472,-0.14127385408828486
Pressure(in),0.04467211930251004,0.09043285523471642
Start_Lat,0.06960992824693449,0.059733804679498174
Wind_Speed(mph),0.0361416623437675,0.044412800625987674
Wind_Chill(F),-0.04067987823705378,-0.04372008275257354
Start_Lng,0.05292710134004455,0.03281956198417259
Precipitation(in),0.006209950962363219,0.025163597627672243
Humidity(%),0.021527023122366405,0.01579098094676023
Visibility(mi),-0.0035183823228396435,-0.010387909082300386
Temperature(F),-0.019383622675556135,-0.009965422869520377
