State,1,2,3,4
AL,0.7,75.92,21.64,1.75
AR,0.1,84.57,2.51,12.82
AZ,4.35,82.54,10.19,2.92
CA,0.6,82.87,15.74,0.79
CO,0.94,62.17,29.03,7.87
CT,0.1,71.13,23.0,5.77
DC,0.72,87.97,6.96,4.35
DE,1.89,82.56,4.89,10.67
FL,0.76,85.76,12.03,1.44
GA,0.6,55.79,35.81,7.79
IA,0.21,65.24,26.81,7.75
ID,0.0,93.08,1.78,5.14
IL,0.88,62.18,34.4,2.53
IN,0.54,67.67,23.49,8.3
KS,0.11,70.97,25.34,3.58
KY,1.15,55.51,39.46,3.89
LA,1.7,85.58,11.46,1.26
MA,2.04,67.4,29.75,0.81
MD,0.37,73.7,18.42,7.5
ME,0.58,83.92,9.36,6.14
MI,0.6,69.8,24.86,4.74
MN,0.26,83.52,15.71,0.51
MO,0.35,62.87,33.08,3.7
MS,0.31,69.94,24.35,5.4
MT,0.0,98.07,0.41,1.52
NC,1.5,86.43,8.91,3.16
ND,0.0,99.56,0.22,0.22
NE,0.29,84.32,13.41,1.97
NH,0.87,76.36,20.8,1.97
NJ,0.15,80.65,15.12,4.07
NM,1.38,66.16,27.51,4.95
NV,0.51,79.43,16.69,3.37
NY,0.39,76.08,20.39,3.14
OH,1.37,67.47,25.76,5.41
OK,1.67,89.37,8.4,0.56
OR,0.69,90.65,5.25,3.4
PA,0.62,83.76,10.39,5.24
RI,1.16,50.81,47.61,0.42
SC,1.62,86.36,11.22,0.81
SD,0.0,86.49,0.0,13.51
TN,1.33,79.48,17.22,1.97
TX,0.69,77.67,20.46,1.17
UT,0.64,83.27,14.6,1.49
VA,1.05,76.38,16.8,5.76
VT,0.0,68.03,20.49,11.48
WA,0.85,67.17,28.19,3.79
WI,0.13,62.09,27.73,10.04
WV,0.06,90.24,3.14,6.56
WY,0.0,83.12,3.12,13.75
